[
    {
      "name": "Váy cưới kiểu A-line",
      "description": "Váy cưới đơn giản, phù hợp nhiều dáng người.",
      "price": 2000000,
      "size": "M",
      "color": "Trắng",
      "status": "available",
      "imageUrl": "https://example.com/dress1.jpg"
    },
    {
      "name": "Váy cưới kiểu Mermaid",
      "description": "Váy cưới đuôi cá, tôn dáng cho cô dâu.",
      "price": 3000000,
      "size": "S",
      "color": "Trắng ngà",
      "status": "available",
      "imageUrl": "https://example.com/dress2.jpg"
    },
    {
      "name": "Váy cưới boho",
      "description": "Váy cưới phong cách bohemian, phù hợp với những cô dâu yêu thích sự tự do.",
      "price": 2500000,
      "size": "L",
      "color": "Kem",
      "status": "available",
      "imageUrl": "https://example.com/dress3.jpg"
    }
  ]